name,job_title,phd_univ,phd_year,research_area,research_concentration,research_focus,url,img_url,phone,email,cell_phone,office_address,department,school
Mohamed Abdelfattah,Assistant Professor,Univ Toronto,2016,"Artificial Intelligence, Machine Learning",Artificial Intelligence,,https://www.mohsaied.com,https://www.cs.cornell.edu/sites/default/files/styles/icon-100x100/public/prof_pic.jpg?itok=7zCvPZz4,,,,,"Electrical and Computer Engineering, Cornell Tech, CS Field Member;",
Jayadev Acharya,Assistant Professor,Univ California San Diego,2014,"Artificial Intelligence, Theory of Computing","Artificial Intelligence, Theory of Computation","Information theory, machine learning, and algorithmic statistics",https://people.ece.cornell.edu/acharya/,https://www.cs.cornell.edu/sites/default/files/styles/icon-100x100/public/Acharya%2C%20Jayadev.jpg?itok=I8p4JoDd,,,,,"Electrical and Computer Engineering, CS Field Member",
Rachit Agarwal,Associate Professor ,Univ Illinois Urbana-Champaign,2013,"Systems and Networking, Theory of Computing","Systems, Theory of Computation","Distributed systems, systems for big data analytics, networking, design and analysis of algorithms",http://www.cs.cornell.edu/~ragarwal/,https://www.cs.cornell.edu/sites/default/files/styles/icon-100x100/public/Rachit.png?itok=RVkyDZkU,,,,,"Computer Science, CS Field Member",
David Albonesi,Professor,Univ Mass Amherst,1996,"Computer Architecture & VLSI, Systems and Networking",Systems,"Adaptive and reconfigurable multi-core and processor architectures, power- and reliability-aware computing, and high performance interconnect architectures using silicon nanophotonics",http://www.csl.cornell.edu/~albonesi/,https://www.cs.cornell.edu/sites/default/files/styles/icon-100x100/public/Albonesi%2C%20David.jpg?itok=_1dGGHdi,,,,,"Electrical and Computer Engineering, CS Field Member",
Lorenzo Alvisi,Professor,Cornell Univ,1996,Systems and Networking,Systems,Theory and practice of dependable distributed computing,http://www.cs.cornell.edu/lorenzo/,https://www.cs.cornell.edu/sites/default/files/styles/icon-100x100/public/Alvisi%2C%20Lorenzo.jpg?itok=zSFXL_XL,,,,,"Computer Science, CS Field Member, Tisch University Professor",
Yoav Artzi,Associate Professor,Univ Washington,2015,Artificial Intelligence,Artificial Intelligence,"Natural language processing, situated language understanding, automated natural language interaction, machine learning",http://yoavartzi.com/,https://www.cs.cornell.edu/sites/default/files/styles/icon-100x100/public/Artzi%2C%20Yoav_0.jpg?itok=xO3ZGsaq,,,,,"Computer Science, Cornell Tech, CS Field Member",
Shiri Azenkot,Associate Professor,Univ Washington,2014,Human Interaction,Scientific Computing and Applications,Human-computer Interactions  and Accessibility,http://shiriazenkot.com/,https://www.cs.cornell.edu/sites/default/files/styles/icon-100x100/public/tech_20190926_021_shiri_edit.png?itok=qx4w7Bb5,,,,,Jacobs Technion-Cornell Institute; CS Field Member,
Kavita Bala,Professor and Dean of Cornell Bowers CIS,MIT,1999,"Artificial Intelligence, Graphics, Vision","Artificial Intelligence, Programming Languages and Logics, Scientific Computing and Applications","Computer graphicsâ€”scalable graphics; perceptually-based, realistic rendering; image-based texturing and modeling",http://www.cs.cornell.edu/~kb/,https://www.cs.cornell.edu/sites/default/files/styles/icon-100x100/public/bala_kavita.jpg?itok=Vl8qUhgI,,,,,"Computer Science, Chair, CS Field Member",
Siddhartha  Banerjee,Assistant Professor,Univ Texas Austin,2013,Theory of Computing,Theory of Computation,"Stochastic Modeling, Design of Scalable Algorithms, Matching Markets and Social Computing, Control of Information-Flows, Learning and Recommendation",https://people.orie.cornell.edu/sbanerjee/index.html,https://www.cs.cornell.edu/sites/default/files/styles/icon-100x100/public/Banerjee%2C%20Siddhartha.JPG?itok=x_EjigTb,,,,,"Operations Research and Information Engineering, CS Field Member",
Christopher Batten,Professor,MIT,2010,"Computer Architecture & VLSI, Systems and Networking",Systems,"Computer Architecture, Electronic Design Automation, Digital VLSI",http://www.csl.cornell.edu/~cbatten/,https://www.cs.cornell.edu/sites/default/files/styles/icon-100x100/public/batten_.png?itok=edN-a6pX,,,,,"Electrical and Computer Engineering, CS Field Member",
Tapomayukh Bhattacharjee,Assistant Professor,Georgia Institute Technology,2017,"Artificial Intelligence, Human Interaction, Machine Learning, Robotics","Artificial Intelligence, Scientific Computing and Applications, Systems","Human-Robot Interaction, Robot Manipulation, Haptic Perception, Assistive Robotics",https://sites.google.com/site/tapomayukh/home,https://www.cs.cornell.edu/sites/default/files/styles/icon-100x100/public/tapo.png?itok=mZZbkDyB,,,,,"Computer Science, CS Field Member",
David Bindel,"Associate Professor and Associate Dean for Diversity, Equity, and Inclusion",Univ California Berkeley,2006,Scientific Computing,Scientific Computing and Applications,"Microelectromechanical systems (MEMS), numerical linear algebra, finite element analysis, floating point computation and network tomography",http://www.cs.cornell.edu/~bindel/,https://www.cs.cornell.edu/sites/default/files/styles/icon-100x100/public/Bindel%2C%20David.jpg?itok=8s2JcA2j,,,,,"Computer Science, CS Field Member",
Ken Birman,Professor,Univ California Berkeley,1981,"Security, Systems and Networking",Systems,Reliability and security in modern networked environments,http://www.cs.cornell.edu/ken/,https://www.cs.cornell.edu/sites/default/files/styles/icon-100x100/public/Birman%2C%20Ken.jpg?itok=PVLjjp3X,,,,,"Computer Science, CS Field Member; N. Rama Rao Professor of Computer Science",
Ronald Brachman,Director; Professor,Harvard Univ,1977,Artificial Intelligence,Artificial Intelligence,"Artificial intelligence, information retrieval, database management",http://www.brachman.org/home.html,https://www.cs.cornell.edu/sites/default/files/styles/icon-100x100/public/184_AS36572_copy.jpg?itok=A-i1SuTO,,,,,Jacobs Technion-Cornell Institute,
Anne Bracy,Senior Lecturer,Univ Pennsylvania,2008,Computer Architecture & VLSI,,"Computer Architecture, Instruction Fusion, Hardware Support for Thread Synchronization",http://www.cs.cornell.edu/~bracy/,https://www.cs.cornell.edu/sites/default/files/styles/icon-100x100/public/Bracy%2C%20Anne.jpg?itok=o6pHK41w,,,,,"Computer Science, CS Minor Field Member",
Florentina Bunea,Professor,Univ Washington,2000,Machine Learning,"Artificial Intelligence, Theory of Computation","Statistical Machine Learning Theory, Statistical Foundations for Data Science, High Dimensional Statistics",https://bunea.stat.cornell.edu/,https://www.cs.cornell.edu/sites/default/files/styles/icon-100x100/public/florentina_buneacrop.jpg?itok=oYWycG0l,,,,,"Statistics and Data Science, CS Field Member",
Mark Campbell,Professor,MIT,1996,"Artificial Intelligence, Robotics",,"Robotics, Sensor fusion, Machine learning and Perception",http://campbell.mae.cornell.edu/,https://www.cs.cornell.edu/sites/default/files/styles/icon-100x100/public/campbellpic2.jpg?itok=8W18656v,,,,,Mechanical Engineering; CS Field Member,
Claire Cardie,Professor and Associate Dean for Education,Univ Mass Amherst,1994,"Artificial Intelligence, Human Interaction",Artificial Intelligence,Natural language processing,http://www.cs.cornell.edu/home/cardie/,https://www.cs.cornell.edu/sites/default/files/styles/icon-100x100/public/Cardie%2C%20Claire.jpg?itok=9VHvVYBA,,,,,"Computer Science, CS Field Member; Joseph C. Ford Professor of Engineering",
Eshan Chattopadhyay,Assistant Professor,Univ Texas Austin,2016,Theory of Computing,Theory of Computation,"Use of Randomness in Computation, Computational Complexity Theory and Cryptography",https://www.cs.cornell.edu/~eshan/,https://www.cs.cornell.edu/sites/default/files/styles/icon-100x100/public/eshan_c.jpg?itok=gpRZi0CC,,,,,"Computer Science, CS Field Member",
Sanjiban Choudhury,Assistant Professor,Carnegie Mellon Univ,2018,"Artificial Intelligence, Machine Learning, Robotics","Artificial Intelligence, Scientific Computing and Applications","Imitation Learning, Planning and Learning, Robot Manipulation",http://www.sanjibanchoudhury.com/,https://www.cs.cornell.edu/sites/default/files/styles/icon-100x100/public/sanjiban_photo.jpeg?itok=AxwVv0vv,,,,,Computer Science,
Tanzeem Choudhury,Roger and Joelle Burnell Professor in Integrated Health and Technology,MIT,2004,"Artificial Intelligence, Human Interaction",Artificial Intelligence,"Machine learning techniques for systems that can reason about human activities, interactions, and social networks in everyday environments",http://www.cs.cornell.edu/~tanzeem/,https://www.cs.cornell.edu/sites/default/files/styles/icon-100x100/public/Choudhury%2C%20Tanzeem.jpg?itok=eVrUX9l3,,,,,"Information Science, CS Field Member",
Michael Clarkson,Senior Lecturer,Cornell,2010,"Programming Languages, Security",,"Security, programming languages, electronic voting",http://www.cs.cornell.edu/~clarkson,https://www.cs.cornell.edu/sites/default/files/styles/icon-100x100/public/Clarkson%2C%20Michael.jpg?itok=p9wVH9Ze,,,,,"Computer Science, CS Minor Field Member",
Robert Constable,Professor Emeritus,Univ Wisconsin Madison,1968,"Programming Languages, Theory of Computing",Programming Languages and Logics,Type theory and automated reasoning,http://www.cs.cornell.edu/home/rc/,https://www.cs.cornell.edu/sites/default/files/styles/icon-100x100/public/Constable%2C%20Robert.jpg?itok=9rwAYk6y,,,,,"Computer Science, CS Field Member",
Anil Damle,Assistant Professor,Stanford Univ,2016,Scientific Computing,Scientific Computing and Applications,"Development of algorithms in applied and computational mathematics (e.g. numerical linear algebra, computational quantum chemistry, and spectral clustering)",https://www.cs.cornell.edu/~damle/,https://www.cs.cornell.edu/sites/default/files/styles/icon-100x100/public/Damle%2C%20Anil.jpg?itok=K9G8lCFc,,,,,Computer Science CS Field Member,
Cristian Danescu-Niculescu-Mizil,Assistant Professor,Cornell Univ,2012,"Artificial Intelligence, Human Interaction",Artificial Intelligence,"Computational Social Science, Social Computing, Computational Linguistics, Natural Language Processing",http://www.cs.cornell.edu/~cristian/,https://www.cs.cornell.edu/sites/default/files/styles/icon-100x100/public/Danescu%2C%20Cristian.jpg?itok=0vgfJFjc,,,,,"Information Science, CS Field Member",
Abe Davis,Assistant Professor,MIT,2016,"Artificial Intelligence, Graphics, Human Interaction, Vision",,"Computer Graphics, Vision, HCI",http://www.abedavis.com/,https://www.cs.cornell.edu/sites/default/files/styles/icon-100x100/public/mad324-cs-ap-001_0.jpg?itok=KGZGJ22A,,,,,"Computer Science, CS Field Member",
Christopher De Sa,Assistant Professor,Stanford Univ,2017,Artificial Intelligence,"Artificial Intelligence, Systems","Developing and understanding algorithmic, software, and hardware techniques for high-performance machine learning",http://www.cs.cornell.edu/~cdesa/,https://www.cs.cornell.edu/sites/default/files/styles/icon-100x100/public/cmd353-cs-ap-002_2.jpg?itok=jPbkDxUg,,,,,Computer Science CS Field Member,
Sarah Dean,Assistant Professor,Univ California Berkeley,2021,"Machine Learning, Robotics","Artificial Intelligence, Theory of Computation","Understanding tradeoffs and limitations arising from the interplay between Control and Optimization, Machine Learning, and Dynamics in real-world systems",https://people.eecs.berkeley.edu/~sarahdean/,https://www.cs.cornell.edu/sites/default/files/styles/icon-100x100/public/sarah_dean.jpg?itok=2h97ah7Q,,,,,Computer Science; CS Field Member,
Nicola Dell,Assistant Professor,Univ Washington,2015,Human Interaction,Artificial Intelligence,Human computer interaction (HCI) and Information and Communication Technologies for Development (ICTD),http://www.nixdell.com/,https://www.cs.cornell.edu/sites/default/files/styles/icon-100x100/public/Dell%2C%20Nicola.jpg?itok=9VrfjxQU,,,,,"Information Science, Cornell Tech, CS Field Member",
Alan Demers,Principal Research Scientist (Retired),Princeton Univ,1975,Database Systems,,"Database systems, database replication, and algorithms",http://www.cs.cornell.edu/annual_report/00-01/bios.htm#demers,https://www.cs.cornell.edu/sites/default/files/styles/icon-100x100/public/Demers%2C%20ALan.jpg?itok=xgfdDCuN,,,,,"Computer Science, CS Field Member",
Shimon Edelman,Professor,Weizmann Institue Science,1988,Artificial Intelligence,Artificial Intelligence,"Consciousness, computational social science, computational linguistics",http://kybele.psych.cornell.edu/~edelman/,https://www.cs.cornell.edu/sites/default/files/styles/icon-100x100/public/shimon_edelman.jpg?itok=lrQX2hQ4,,,,,"Psychology, CS Field Member",
Ahmed El Alaoui,Assistant Professor,Univ California Berkeley,2018,Theory of Computing,Theory of Computation,"High-dimensional statistics and probability, algorithms, statistical physics",https://elalaoui.stat.cornell.edu/,https://www.cs.cornell.edu/sites/default/files/styles/icon-100x100/public/ahmed.jpg?itok=G1Rj5aWo,,,,,"Statistics and Data Science, CS Field Member",
Kevin Ellis,Assistant Professor,MIT,2020,"Artificial Intelligence, Machine Learning",Artificial Intelligence,"AI, ML, Program Induction",https://www.cs.cornell.edu/~ellisk/,https://www.cs.cornell.edu/sites/default/files/styles/icon-100x100/public/kme72-cs-ap-001_2.jpg?itok=YizGvy9r,,,,,"Computer Science, CS Field Member",
Deborah Estrin,Professor,MIT,1985,"Human Interaction, Systems and Networking",Systems,"Mobile systems and applications, participatory sensing, health applications, privacy",https://destrin.tech.cornell.edu,https://www.cs.cornell.edu/sites/default/files/styles/icon-100x100/public/Estrin%2C%20Deborah.jpg?itok=aSFZCUiV,,,,,"Computer Science, Cornell Tech, CS Field Member; Associate Dean for Impact at Cornell Tech; Robert V. Tishman Founder's Chair",
K-Y. Daisy Fan,Senior Lecturer,Cornell Univ,2001,,,The application of systems analysis techniques for water resources and environmental problems,http://www.cs.cornell.edu/~dfan,https://www.cs.cornell.edu/sites/default/files/styles/icon-100x100/public/daisy_fan_-_small_0.jpg?itok=Vw-OwIzh,,,,,Computer Science,
Silvia Ferrari,Professor,Princeton Univ,2002,Robotics,Artificial Intelligence,"Distributed systems, computer vision, and robotics",https://www.mae.cornell.edu/faculty-directory/silvia-ferrari,https://www.cs.cornell.edu/sites/default/files/styles/icon-100x100/public/siliva_ferrari.jpg?itok=oa7uvNMJ,,,,,"Mechanical and Aerospace Engineering, CS Field Member",
Nate Foster,Professor,Univ Pennsylvania,2009,"Programming Languages, Security, Systems and Networking","Programming Languages and Logics, Systems","Programming languages, data management, and security",http://www.cs.cornell.edu/~jnfoster/,https://www.cs.cornell.edu/sites/default/files/styles/icon-100x100/public/Foster%2C%20Nate.jpg?itok=fbGc0grl,,,,,"Computer Science, CS Field Member",
Nikhil Garg,Assistant Professor,Stanford Univ,2020,,"Artificial Intelligence, Theory of Computation","Mechanism/Market design and data science, with a focus on design of democracy, markets, and other societal systems",https://gargnikhil.com/,https://www.cs.cornell.edu/sites/default/files/styles/icon-100x100/public/headshot_garg_-_560x560.jpg?itok=mdahQP8C,,,,,"Operations Research and Information Engineering, CS Field Member",
Ziv Goldfeld,Assistant Professor,Ben Gurion Univ,,Theory of Computing,,"Optimal transport theory, Statistical machine learning, information theory, high-dimensional statistic, applied probability and interacting particle systems",http://people.ece.cornell.edu/zivg/,https://www.cs.cornell.edu/sites/default/files/styles/icon-100x100/public/zg_pic.jpg?itok=_A2Js0zB,,,,,"ECE, CS Field Member",
Carla Gomes,Professor,Univ Edinburgh,1993,"Artificial Intelligence, Computational Biology",Artificial Intelligence,"Solving hard combinatorial problems, with an emphasis on planning and scheduling problems",http://www.cs.cornell.edu/gomes/,https://www.cs.cornell.edu/sites/default/files/styles/icon-100x100/public/Gomes%2C%20Carla.jpg?itok=NbAHF4Ml,,,,,"CIS and Applied Economics and Management; Computer Science, CS Field Member; Ronald C. and Antonia V. Nielsen Professor",
Donald Greenberg,Professor,Cornell Univ,1968,Graphics,Scientific Computing and Applications,"Computer graphics and its applications in a range of disciplines, from animation to architecture to biology",https://prod.graphics.cornell.edu/people/director,https://www.cs.cornell.edu/sites/default/files/styles/icon-100x100/public/Greenberg%2C%20Donald.jpg?itok=qjnw5R9R,,,,,"Architecture, Computer Science, CS Field Member; Director, Program of Computer Graphics; Jacob Gould Schurman Professor of Computer Science",
David Gries,Professor Emeritus,Technische Hochschule Muenchen Munich,1966,,,Program methodology and related areas; logic; teaching in lower level courses,http://www.cs.cornell.edu/gries/,https://www.cs.cornell.edu/sites/default/files/styles/icon-100x100/public/Gries%2C%20David.jpg?itok=sh6l96QX,,,,,Computer Science,
Giulia Guidi,Assistant Professor,Univ California Berkeley,2022,"Computational Biology, Scientific Computing, Systems and Networking",Scientific Computing and Applications,"Parallel and Distributed Programming and Systems for Computational Sciences (e.g. Computational Biology), Combinatorics, Cloud Computing for Scientific Applications",https://giuliaguidi.github.io/,https://www.cs.cornell.edu/sites/default/files/styles/icon-100x100/public/guidi_giulia.jpeg?itok=KAb8gVv8,,,,,Computer Science,
Francois Guimbretiere,Professor,Stanford Univ,2002,Human Interaction,Systems,Computer Interfaces,http://www.cs.cornell.edu/~francois/,https://www.cs.cornell.edu/sites/default/files/styles/icon-100x100/public/guimbretiere-francois.jpg?itok=OgsYXjJx,,,,,"Information Science, CS Field Member",
Joseph Halpern,Professor,Harvard Univ,1981,"Artificial Intelligence, Security, Theory of Computing","Artificial Intelligence, Programming Languages and Logics, Theory of Computation","Reasoning about knowledge and uncertainty, distributed computing, causality, security, game theory",http://www.cs.cornell.edu/home/halpern/,https://www.cs.cornell.edu/sites/default/files/styles/icon-100x100/public/joe_halpern_2019_sq.jpg?itok=uCgadlBh,,,,,"Computer Science, CS Field Member, Joseph C Ford Professor of Engineering",
Bharath Hariharan,Assistant Professor,Univ California Berkeley,2015,"Artificial Intelligence, Scientific Computing, Vision","Artificial Intelligence, Scientific Computing and Applications","Rich visual understanding (object recognition, object detection, segmentation and beyond), machine learning (deep learning, convolutional networks)",http://home.bharathh.info,https://www.cs.cornell.edu/sites/default/files/styles/icon-100x100/public/Hariharan%2C%20Bharath.jpg?itok=4b0ReiH6,,,,,Computer Science CS Field Member,
Haym Hirsh,Professor,Stanford Univ,1989,"Artificial Intelligence, Human Interaction",Artificial Intelligence,"Artificial intelligence, collective intelligence, crowdsourcing, data mining, human computation, information retrieval, machine learning",https://www.cs.cornell.edu/~hirsh/,https://www.cs.cornell.edu/sites/default/files/styles/icon-100x100/public/Hirsh%2C%20Haym.jpg?itok=AL13vyi-,,,,,"Computer Science, Information Science, CS Field Member, Director CS M.Eng Program",
Guy Hoffman,Assistant Professor,MIT,2007,Artificial Intelligence,Artificial Intelligence,Human-Robot Interaction; human-robot teamwork and collaboration; robotic personal companions; non-anthropomorphic robot design; embodied cognition in probots,http://guyhoffman.com/,https://www.cs.cornell.edu/sites/default/files/styles/icon-100x100/public/Hoffman%2C%20Guy.png?itok=aqgILl8m,,,,,"Mechanical and Aerospace Engineering, CS Field Member",
John Hopcroft,Professor Emeritus,Stanford Univ,1964,"Artificial Intelligence, Theory of Computing","Artificial Intelligence, Theory of Computation","Algorithms, information capture and access, random graphs and spectral methods",http://www.cs.cornell.edu/jeh/,https://www.cs.cornell.edu/sites/default/files/styles/icon-100x100/public/Hopcroft%2C%20John.jpg?itok=4NBaowhT,,,,,"Computer Science, CS Field Member,  IBM Professor of Engineering and Applied Mathematics in Computer Science; Turing Award Winner",
Justin Hsu,Assistant Professor,Univ Pennsylvania,2017,"Programming Languages, Theory of Computing","Programming Languages and Logics, Theory of Computation","Programming languages, formal verification, algorithms, differential privacy.",https://www.cs.cornell.edu/~justin,https://www.cs.cornell.edu/sites/default/files/styles/icon-100x100/public/justin_hsu.png?itok=WjQWkuy3,,,,,"Computer Science, CS Field Member",
Thorsten Joachims,Professor and Associate Dean for Research,Univ Dortmund,2001,"Artificial Intelligence, Human Interaction",Artificial Intelligence,"Machine learning and learning theory, with a focus on problems arising in information retrieval and natural language understanding",http://www.cs.cornell.edu/People/tj/,https://www.cs.cornell.edu/sites/default/files/styles/icon-100x100/public/tj36-cs-prof-001_002.jpg?itok=_XnuZEns,,,,,"Computer Science, CS Field Member",
Wendy Ju,Associate Professor,Stanford Univ,2008,Human Interaction,Artificial Intelligence,Interaction with Automation; Interaction Design Research; Human Robot Interaction; Automotive Interaction Design,http://www.wendyju.com/,https://www.cs.cornell.edu/sites/default/files/styles/icon-100x100/public/ju_wendy_edited-1.jpg?itok=ydLQc9Oz,,,,,"Information Science, CS Field Member",
Ari Juels,Professor,Univ California Berkeley,1996,"Security, Systems and Networking",Systems,"Big Data, Security Analytics, Cybersecurity, Cloud security, User authentication, Privacy, Medical-device security, Biometric security, and RFID / NFC security",http://www.arijuels.com/,https://www.cs.cornell.edu/sites/default/files/styles/icon-100x100/public/Juels%2C%20Ari.jpg?itok=-RP1pTZQ,,,,,"Computer Science, Cornell Tech (Jacobs Inst), CS Field Member",
Malte Jung,Associate Professor,Stanford Univ,2011,"Artificial Intelligence, Human Interaction",Artificial Intelligence,"Computer-supported cooperative work, teamwork, emotion, human-robot interaction, design",http://mjung.infosci.cornell.edu/,https://www.cs.cornell.edu/sites/default/files/styles/icon-100x100/public/Jung%2C%20Malte.jpg?itok=6T1802-A,,,,,"Information Science, CS Field Member",
Nathan Kallus,Assistant Professor,MIT,2015,Artificial Intelligence,Artificial Intelligence,Causal inference; Machine learning; Personalization; Optimization in statistics; Data-driven optimization under uncertainty; Online decision making; Decision making and operations in healthcare.,http://www.nathankallus.com/,https://www.cs.cornell.edu/sites/default/files/styles/icon-100x100/public/nathan_0.jpg?itok=haDNyGVy,,,,,"Operations Research and Information Engineering, Cornell Tech, CS Field Member",
Jon Kleinberg,Professor ,MIT,1996,"Human Interaction, Theory of Computing","Artificial Intelligence, Theory of Computation","Algorithm design, with an emphasis on the social and information networks that underpin the Web and other on-line media",http://www.cs.cornell.edu/home/kleinber/,https://www.cs.cornell.edu/sites/default/files/styles/icon-100x100/public/Kleinberg%2C%20Jon.jpg?itok=-sMRsqtj,,,,,"Computer Science, CS Field Member; Tisch Univ Professor",
Robert Kleinberg,Professor,MIT,2005,"Artificial Intelligence, Theory of Computing","Artificial Intelligence, Theory of Computation","Design and analysis of algorithms, especially randomized and on-line algorithms for networked systems and electronic markets",http://www.cs.cornell.edu/~rdk/,https://www.cs.cornell.edu/sites/default/files/styles/icon-100x100/public/Kleinberg%2C%20Rob.jpg?itok=rUoVWVLN,,,,,"Computer Science, CS Field Member",
Dexter Kozen,Professor,Cornell Univ,1977,"Programming Languages, Theory of Computing","Programming Languages and Logics, Theory of Computation","Computational complexity, program logic and semantics, computational algebra",http://www.cs.cornell.edu/~kozen/,https://www.cs.cornell.edu/sites/default/files/styles/icon-100x100/public/Kozen%2C%20Dexter.jpg?itok=zQ9cv7Ht,,,,,"Computer Science, CS Field Member; Joseph Newton Pew, Jr. Professor in Engineering",
Hadas Kress-Gazit,Professor,Univ Pennsylvaniasylvania,2008,"Artificial Intelligence, Human Interaction, Robotics",Artificial Intelligence,"Robotics, motion planning, task planning, language for robotics and human robot interaction",https://www.mae.cornell.edu/faculty-directory/hadas-kress-gazit,https://www.cs.cornell.edu/sites/default/files/styles/icon-100x100/public/Kress-Gazit%2C%20Hadas.jpg?itok=POAzGWeZ,,,,,"Mechanical and Aerospace Engineering, CS Field Member",
Volodymyr Kuleshov,Assistant Professor,Stanford Univ,2017,"Artificial Intelligence, Computational Biology, Scientific Computing",Artificial Intelligence,"Artificial intelligence, machine learning, and computational genomics",http://www.cs.cornell.edu/~kuleshov/,https://www.cs.cornell.edu/sites/default/files/styles/icon-100x100/public/kuleshov_0.jpg?itok=6ZPaS3LF,,,,,"Computer Science, Cornell Tech, CS Field Member",
Daniel Lee,Professor,MIT,1995,"Artificial Intelligence, Robotics",Artificial Intelligence,"Machine Learning, Robotics, Computational Neuroscience",https://www.ece.cornell.edu/faculty-directory/daniel-dongyuel-lee,https://www.cs.cornell.edu/sites/default/files/styles/icon-100x100/public/daniel-lee_0.jpg?itok=II356Byx,,,,,"Electrical and Computer Engineering, Cornell Tech, CS Field Member",
Lillian Lee,Professor,Harvard Univ,1997,"Artificial Intelligence, Human Interaction",Artificial Intelligence,Natural language processing,http://www.cs.cornell.edu/home/llee,https://www.cs.cornell.edu/sites/default/files/styles/icon-100x100/public/default_images/person2.jpg?itok=7doVXhpA,,,,,"Computer Science, Director of Undergraduate Studies; CS Field Member; Charles Roy Davis Professor",
Owolabi Legunsen,Assistant Professor,Univ Illinois Urbana-Champaign,2019,"Programming Languages, Software Engineering, Systems and Networking","Programming Languages and Logics, Systems","Software Engineering, Applied Formal Methods",https://www.cs.cornell.edu/~legunsen,https://www.cs.cornell.edu/sites/default/files/styles/icon-100x100/public/owolabilegunsenheadshot.jpg?itok=9oZo8Km1,,,,,"Computer Science, CS Field Member",
Steve Marschner,Professor,Cornell Univ,1998,"Graphics, Vision",Scientific Computing and Applications,"Computer graphics, realistic rendering and simulation, material models for surfaces, volumes, and deformable objects",http://www.cs.cornell.edu/~srm,https://www.cs.cornell.edu/sites/default/files/styles/icon-100x100/public/Marschner%2C%20Steve.jpg?itok=LuJFqwBJ,,,,,"Computer Science, CS Field Member",
Jose Martinez,Professor,Univ Illinois,2002,"Computer Architecture & VLSI, Systems and Networking",Systems,"Reconfigurable and self-optimizing multicore architectures, architectural implications of disruptive technologies",http://www.csl.cornell.edu/~martinez,https://www.cs.cornell.edu/sites/default/files/styles/icon-100x100/public/Martinez%2C%20Jose.jpg?itok=S9tJ1lb9,,,,,"Electrical and Computer Engineering, CS Field Member",
David Matteson,Associate Professor ,Univ Chicago,2008,"Artificial Intelligence, Machine Learning",Artificial Intelligence,Uncertainty in Artificial Intelligence,https://davidsmatteson.com/,https://www.cs.cornell.edu/sites/default/files/styles/icon-100x100/public/dave_matteson_crop.jpg?itok=thmQZImT,,,,,"Statistics and Data Science, CS Field Member",
David Mimno,Assistant Professor,Univ Mass Amherst,2012,"Artificial Intelligence, Human Interaction",Artificial Intelligence,"Machine learning, text mining, digital humanities",https://mimno.infosci.cornell.edu/,https://www.cs.cornell.edu/sites/default/files/styles/icon-100x100/public/Mimno%2C%20David%20%282%29.jpg?itok=6_AiPBXk,,,,,"Information Science, CS Field Member",
Greg Morrisett,Professor and  Dean and Vice Provost Cornell Tech,Carnegie Mellon,1995,"Programming Languages, Security, Systems and Networking","Programming Languages and Logics, Systems","Programming languages, software security, formal methods",http://www.cs.cornell.edu/~jgm/,https://www.cs.cornell.edu/sites/default/files/styles/icon-100x100/public/Morrisett%2C%20Greg.jpg?itok=3aKQ_a_h,,,,,"Computer Science, Cornell Tech, CS Field Member",
Curran Muhlberger,Lecturer,Cornell Univ,2014,"Scientific Computing, Software Engineering",,,https://www.cs.cornell.edu/~curran/,https://www.cs.cornell.edu/sites/default/files/styles/icon-100x100/public/muhlberger_curran-portrait_2014.jpg?itok=JHIJFNWO,,,,,Computer Science,
Andrew Myers,Professor,MIT,1999,"Programming Languages, Security, Systems and Networking",Programming Languages and Logics,"Security, programming language design and implementation, persistent and distributed object systems",http://www.cs.cornell.edu/andru/,https://www.cs.cornell.edu/sites/default/files/styles/icon-100x100/public/Myers%2C%20Andrew.jpg?itok=IGANY8N2,,,,,"Computer Science, CS Field Member",
Mor Naaman,Associate Professor,Stanford Univ,2005,Human Interaction,Systems,"Social media, data mining, human-computer interaction, computational social science, interactive systems",https://people.jacobs.cornell.edu/mor/,https://www.cs.cornell.edu/sites/default/files/styles/icon-100x100/public/Naaman%2C%20Mor.png?itok=jUXx4oXe,,,,,"Information Science, Cornell Tech, CS field member",
Rajalakshmi Nandakumar,Assistant Professor,Univ Washington,2020,Systems and Networking,Systems,"Wireless networking, Mobile Systems and Mobile Health.",https://infosci.cornell.edu/~rajalakshmi/,https://www.cs.cornell.edu/sites/default/files/styles/icon-100x100/public/profile.jpg?itok=GzyiBewc,,,,,"Information Science, Cornell Tech, CS Field Member",
Anil Nerode,Professor,Univ Chicago,1956,"Artificial Intelligence, Theory of Computing",Artificial Intelligence,"Mathematical logic, computational theory, recursive mathematics, nonstandard logics, nonmontonic logics, AI, applied mathematics.",http://www.math.cornell.edu/~anil/,https://www.cs.cornell.edu/sites/default/files/styles/icon-100x100/public/Nerode%2C%20Anil.jpg?itok=b1kSb1wv,,,,,"Mathematics, CS Field Member",
Tapan Parikh,Associate Professor,Univ Washington,2007,"Artificial Intelligence, Systems and Networking","Artificial Intelligence, Systems","Human-Computer Interaction (HCI), Information and Communication Technologies for Development (ICTD), Computer Science Education",http://tap2k.org/,https://www.cs.cornell.edu/sites/default/files/styles/icon-100x100/public/parikh_tapan_2016_340_272.jpg?itok=Vrlcfl3C,,,,,"Information Science, Cornell Tech, CS Field Member",
Francesca Parise,Assistant Professor,ETH Zurich,2016,"Artificial Intelligence, Theory of Computing","Artificial Intelligence, Theory of Computation","Network Systems, Game Theory, Control Theory, Social and Economics Networks",https://sites.coecis.cornell.edu/parise/,https://www.cs.cornell.edu/sites/default/files/styles/icon-100x100/public/parise-231x300.jpg?itok=HOlZL7sI,,,,,Electrical and Computer Engineering; CS Field Member,
Rafael Pass,Professor,MIT,2006,Theory of Computing,"Artificial Intelligence, Theory of Computation",Cryptography and its interplay with computational complexity and game theory.,http://www.cs.cornell.edu/~rafael/,https://www.cs.cornell.edu/sites/default/files/styles/icon-100x100/public/Pass%2C%20Rafael.jpg?itok=RpVV1sX4,,,,,"Computer Science, Cornell Tech, CS Field Member",
Kirstin Petersen,Assistant Professor,Harvard,2014,Artificial Intelligence,Artificial Intelligence,Design and coordination of bio-inspired robot collectives and their natural counterparts,https://www.ece.cornell.edu/faculty-directory/kirstin-hagelskjaer-petersen,https://www.cs.cornell.edu/sites/default/files/styles/icon-100x100/public/khp37-profile.jpg?itok=R3y4kDoU,,,,,"Electrical and Computer Engineering, CS Field Member",
Emma Pierson,Assistant Professor,Stanford Univ,2020,"Artificial Intelligence, Human Interaction, Machine Learning",Artificial Intelligence,"Data Science and Machine Learning, Healthcare, Inequality, and Algorithmic Fairness",https://cs.stanford.edu/~emmap1/,https://www.cs.cornell.edu/sites/default/files/styles/icon-100x100/public/pierson.jpg?itok=qyI2RX4A,,,,,"Computer Science, Cornell Tech; CS Field Member",
Martha E. Pollack,Cornell University President; Professor,Univ Pennsylvania,1986,Artificial Intelligence,Artificial Intelligence,Artificial intelligence,http://president.cornell.edu/,https://www.cs.cornell.edu/sites/default/files/styles/icon-100x100/public/Martha_Pollack_Cornell_University_0.jpg?itok=j_Yl4hdi,,,,,"Computer Science, CS Field Member",
Tom Ristenpart,Associate Professor,Univ California San Diego,,"Security, Systems and Networking, Theory of Computing","Systems, Theory of Computation","Software security, applied and theoretical cryptography",http://rist.tech.cornell.edu/,https://www.cs.cornell.edu/sites/default/files/styles/icon-100x100/public/Ristenpart%2C%20Tom.jpg?itok=WD66zc8c,,,,,"Computer Science, Cornell Tech, CS Field Member",
Thijs Roumen,"Assistant Professor, IS",Hasso Plattner Institute Germany,2022,Human Interaction,Systems,"Digital Fabrication, Human-Computer Interaction",http://thijsroumen.eu/,https://www.cs.cornell.edu/sites/default/files/styles/icon-100x100/public/roumen_thijs.jpeg?itok=iQjFctwR,,,,,"Cornell Tech, CS field member",
"Alexander ""Sasha"" Rush",Associate Professor,MIT,2014,Artificial Intelligence,Artificial Intelligence,"Natural Language Processing, Machine Learning",https://tech.cornell.edu/people/alexander-rush/,https://www.cs.cornell.edu/sites/default/files/styles/icon-100x100/public/me.jpeg?itok=g2vMGpGK,,,,,"Computer Science, Cornell Tech, CS Field Member",
Mert Sabuncu,Assistant Professor,Princeton,2006,Artificial Intelligence,Artificial Intelligence,"biomedical image analysis, with an emphasis on neuroimaging. My group works at the intersection of computer vision, applied machine learning, and biomedical imaging",http://sabuncu.engineering.cornell.edu/,https://www.cs.cornell.edu/sites/default/files/styles/icon-100x100/public/sabuncu-circle-300px-qylw3q_0.png?itok=K1IWEd9S,,,,,"Engineering, Cornell Tech, CS Field Member",
Adrian Sampson,Associate Professor ,Univ Washington,2015,"Computer Architecture & VLSI, Programming Languages, Systems and Networking",Programming Languages and Logics,"Hardware-software abstractions,computer architecture, programming languages, compilers, and software engineering",https://www.cs.cornell.edu/~asampson/,https://www.cs.cornell.edu/sites/default/files/styles/icon-100x100/public/Sampson%2C%20Adrian.jpg?itok=Zb1oSrYj,,,,,"Computer Science, CS Field Member",
Katya Scheinberg,Professor,Columbia Univ,1997,,"Scientific Computing and Applications, Theory of Computation","continuous optimization, stochastic optimization, optimization in machine learning, complexity analysis",https://coral.ise.lehigh.edu/katyas/,https://www.cs.cornell.edu/sites/default/files/styles/icon-100x100/public/resolve-katya21-200x300.jpg?itok=1fS967L5,,,,,"Operations Research and Information Engineering, CS Field Member",
Fred Schneider,Professor,Stony Brook Univ,1978,"Programming Languages, Security, Systems and Networking","Programming Languages and Logics, Systems",Concurrent and distributed systems; computer and network security,http://www.cs.cornell.edu/fbs/,https://www.cs.cornell.edu/sites/default/files/styles/icon-100x100/public/Schneider%2C%20Fred.jpg?itok=Jjtezopy,,,,,"Computer Science, CS Field Member; Samuel B. Eckert Professor of Computer Science",
Bart Selman,Professor,Univ Toronto,1991,Artificial Intelligence,Artificial Intelligence,"Knowledge representation, reasoning and search, algorithms and complexity, planning, machine learning, cognitive science, software agents, and connections between computational complexity and statistical physics",http://www.cs.cornell.edu/selman/,https://www.cs.cornell.edu/sites/default/files/styles/icon-100x100/public/Selman%2C%20Bart.jpg?itok=coc38qsl,,,,,"Computer Science, CS Field Member; Joseph C Ford Professor of Engineering",
Phoebe Sengers,Associate Professor,Carnegie Mellon Univ,1998,"Artificial Intelligence, Human Interaction",Artificial Intelligence,"Designing technology for social impact, rural infrastructure, critical data studies",http://www.cs.cornell.edu/people/sengers/,https://www.cs.cornell.edu/sites/default/files/styles/icon-100x100/public/pheobe_sengers_002crop_0.jpg?itok=7dvlKahX,,,,,"Information Science and Science & Technology Studies, CS Field Member",
Vitaly Shmatikov,Professor,Stanford Univ,2000,"Artificial Intelligence, Security, Systems and Networking",Systems,Reseach focus: Computer Security and privacy,http://www.cs.cornell.edu/~shmat/,https://www.cs.cornell.edu/sites/default/files/styles/icon-100x100/public/Shmatikov%2C%20Vitaly.jpg?itok=too_VgLs,,,,,"Computer Science, Cornell Tech, CS Field Member",
David Shmoys,Professor,Univ California Berkeley,1984,"Computational Biology, Scientific Computing, Theory of Computing","Scientific Computing and Applications, Theory of Computation","Data Science; Design and analysis of efficient algorithms for discrete optimization problems, in particular approximation algorithms for NP-hard problems",https://people.orie.cornell.edu/shmoys/,https://www.cs.cornell.edu/sites/default/files/styles/icon-100x100/public/Shmoys%2C%20David.jpg?itok=y70Rgwth,,,,,"Operations Research and Information Engineering; Computer Science; and Director, Center for Data Science for Enterprise and Society",
Alexandra Silva,Professor,Radboud Univ Nijmegen,2010,"Programming Languages, Theory of Computing","Programming Languages and Logics, Theory of Computation",Programming language semantics and verification,https://alexandrasilva.org/#/main.html,https://www.cs.cornell.edu/sites/default/files/styles/icon-100x100/public/silva_headshot.jpg?itok=OywtgGlR,,,,,Computer Science,
Rachee Singh,Assistant Professor,Univ Mass Amherst,2021,"Security, Systems and Networking",Systems,"Computer systems and networking, dynamic optical networks, network security",http://www.racheesingh.com/,https://www.cs.cornell.edu/sites/default/files/styles/icon-100x100/public/singh_rachee.jpg?itok=meTEgest,,,,,Computer Science,
Noah Snavely,Associate Professor,Univ Washington,2008,"Graphics, Human Interaction, Vision","Artificial Intelligence, Scientific Computing and Applications","Computer vision and computer graphics, specifically 3D reconstruction and rendering from large community photo collections",http://www.cs.cornell.edu/~snavely/,https://www.cs.cornell.edu/sites/default/files/styles/icon-100x100/public/Snavely%2C%20Noah.jpg?itok=1TJ4W9gT,,,,,"Computer Science, Cornell Tech, CS Field Member",
Karthik Sridharan,Associate Professor,Toyota Technological Institute Chicago,2012,"Artificial Intelligence, Theory of Computing","Artificial Intelligence, Theory of Computation","Machine learning with a focus on theoretical analysis and design of learning algorithms. Online learning, statistical learning theory, stochastic optimization and empirical process theory",http://www.cs.cornell.edu/~sridharan/,https://www.cs.cornell.edu/sites/default/files/styles/icon-100x100/public/Sridharan%2C%20Karthik.jpg?itok=OX9o0m6C,,,,,"Computer Science, CS Field Member",
Noah Stephens-Davidowitz,Assistant Professor,New York Univ,2017,"Security, Theory of Computing",Theory of Computation,"Theoretical Computer Science, Security, Cryptography",http://www.noahsd.com,https://www.cs.cornell.edu/sites/default/files/styles/icon-100x100/public/nhs59-cs-ap-001_2.jpg?itok=Z0-YvaOT,,,,,"Computer Science, CS Field Member",
G. Edward Suh,Associate Professor,MIT,2005,"Security, Systems and Networking",Systems,"Architectural support for security, reliability, and programmability; field extensible/repairable architecture; non-volatile microprocessors for highly embedded systems; intelligent on-chip networks",http://tsg.ece.cornell.edu/people/g-edward-suh/,https://www.cs.cornell.edu/sites/default/files/styles/icon-100x100/public/Suh%2C%20G.%20Edward.jpg?itok=uTkSg3Li,,,,,"Electrical and Computer Engineering, CS Field Member",
Wen Sun,Assistant Professor,Carnegie Mellon Univ,2019,"Artificial Intelligence, Robotics, Theory of Computing","Artificial Intelligence, Theory of Computation","Machine Learning, Reinforcement Learning, Decision Making under Uncertainty",https://wensun.github.io/,https://www.cs.cornell.edu/sites/default/files/styles/icon-100x100/public/wensun.png?itok=FNzGeFXz,,,,,"Computer Science, CS Field Member",
A. Kevin Tang,Associate Professor,Caltech,2006,"Systems and Networking, Theory of Computing","Systems, Theory of Computation",Management and optimization of computer networks; non-convex optimization,http://people.ece.cornell.edu/atang/,https://www.cs.cornell.edu/sites/default/files/styles/icon-100x100/public/Tang%2C%20A.%20Kevin.jpg?itok=XqONcT1D,,,,,"Electrical and Computer Engineering, CS Field Member",
Eva Tardos,Professor and Chair of CS,Eotvos Univ Hungary,1984,"Human Interaction, Theory of Computing",Theory of Computation,Algorithm Design and Algorithmic Game Theory,http://www.cs.cornell.edu/~eva/,https://www.cs.cornell.edu/sites/default/files/styles/icon-100x100/public/tardos_eva.jpg?itok=TjT0m6D7,,,,,Jacob Gould Schurman Professor of Computer Science and CIS Associate Dean for Diversity and Inclusion,
Angelique Taylor,Assistant Professor,Univ California San Diego,2021,"Artificial Intelligence, Robotics",,Human-robot interaction (HRI),https://www.angeliquemtaylor.com/,https://www.cs.cornell.edu/sites/default/files/styles/icon-100x100/public/angeliquetaylor.jpeg?itok=iq9CP2di,,,,,,
Tim Teitelbaum,Professor Emeritus,Carnegie-Mellon Univ,1976,,,Automatic Program Analysis,http://www.cs.cornell.edu/info/people/tt/tim_teitelbaum.html,https://www.cs.cornell.edu/sites/default/files/styles/icon-100x100/public/Teitelbaum%2C%20Tim.png?itok=wfC3RFWC,,,,,Computer Science,
Alex  Townsend,Associate Professor,Univ Oxford,2014,Scientific Computing,Scientific Computing and Applications,Scientific Computing,https://pi.math.cornell.edu/~ajt/,https://www.cs.cornell.edu/sites/default/files/styles/icon-100x100/public/alex-townsend.jpg?itok=MQcvzEb-,,,,,Mathematics; CS Field Member,
Immanuel Trummer,Assistant Professor,EPFL,2016,"Database Systems, Systems and Networking",Systems,"Databases, data science, optimization",http://www.itrummer.org/,https://www.cs.cornell.edu/sites/default/files/styles/icon-100x100/public/Trummer%2C%20Immanuel.jpg?itok=3tkZRmcs,,,,,"Computer Science, CS Field Member",
Charles Van Loan,Professor Emeritus,Univ Michigan,1973,Scientific Computing,,Numerical linear and multilinear algebra,http://www.cs.cornell.edu/cv/,https://www.cs.cornell.edu/sites/default/files/styles/icon-100x100/public/cv_photo.jpg?itok=JOzwx1T0,,,,,Computer Science,
Robbert van Renesse,Professor,Vrije Universiteit,1989,"Security, Systems and Networking",Systems,"Scalable, adaptive, and secure group communication protocols",https://www.cs.cornell.edu/home/rvr/,https://www.cs.cornell.edu/sites/default/files/styles/icon-100x100/public/van%20Renesse%2C%20Robbert.jpg?itok=OmCAcs9g,,,,,"Computer Science, CS Field Member, Director of Graduate Studies",
Marten van Schijndel,Assistant Professor,The Ohio State Univ,2017,Artificial Intelligence,Artificial Intelligence,"Natural language processing, machine learning, cognitive modeling",https://vansky.github.io/,https://www.cs.cornell.edu/sites/default/files/styles/icon-100x100/public/marten.png?itok=QG_La6gX,,,,,"Linguistics, CS Field Member",
Anke van Zuylen,Senior Lecturer,Cornell Univ,2008,"Computational Biology, Theory of Computing",,"Theory of Computation, Computational Biology, Discrete Optimization, Operations Research",http://ankevanzuylen.com,https://www.cs.cornell.edu/sites/default/files/styles/icon-100x100/public/avz2-cs-srlec-001_2.jpg?itok=mZRmCw5z,,,,,"Computer Science , CS Minor Field Member",
Aaron Wagner,Associate Professor,Univ California Berkeley,2005,"Security, Theory of Computing",Theory of Computation,"information theory, especially compression, feedback communication, security, and quantum information.",https://people.ece.cornell.edu/wagner/,https://www.cs.cornell.edu/sites/default/files/styles/icon-100x100/public/aaron.jpg?itok=iKY9Ved5,,,,,Electrical and Computer Engineering; CS Field Member,
Fei Wang,Associate Professor,Tsinghua Univ,2008,Artificial Intelligence,Artificial Intelligence,"Data Mining, Machine Learning, Health Data Science, Clinical Decision Support, Computational Drug Discovery",https://sites.google.com/site/cornellwanglab/home,https://www.cs.cornell.edu/sites/default/files/styles/icon-100x100/public/fei_wang_1.jpeg?itok=ds7CYP6h,,,,,"Weill Medical, CS Field Member",
Hakim Weatherspoon,Professor and Associate Director of the Cornell Institute for Digital Agriculture (CIDA),Univ California Berkeley,2006,"Security, Systems and Networking",Systems,"Fault-tolerance, reliability, security, and performance of Internet-scale systems",http://www.cs.cornell.edu/~hweather,https://www.cs.cornell.edu/sites/default/files/styles/icon-100x100/public/Weatherspoon%2C%20Hakim.jpg?itok=0FUEpKat,,,,,"Computer Science, CS Field Member",
Kilian Weinberger,Professor,Univ Pennsylvania,2007,Artificial Intelligence,Artificial Intelligence,Machine Learning with a focus on real-world problems,http://www.cs.cornell.edu/~kilian/,https://www.cs.cornell.edu/sites/default/files/styles/icon-100x100/public/kilian.png?itok=KROxKIFb,,,,,"Computer Science, CS Field Member",
Walker White,Senior Lecturer,Cornell Univ,2000,"Database Systems, Human Interaction",,"Database Theory, Information Privacy, Logic applications to Computer Science",http://www.cs.cornell.edu/~wmwhite/,https://www.cs.cornell.edu/sites/default/files/styles/icon-100x100/public/White%2C%20Walker.jpg?itok=KUdPEWZ9,,,,,Computer Science,
Stephen Wicker,Professor,Univ Southern California,1987,"Artificial Intelligence, Theory of Computing","Artificial Intelligence, Theory of Computation","Artificial intelligence, game theory and wireless information networks",http://wisl.ece.cornell.edu/wicker/,https://www.cs.cornell.edu/sites/default/files/styles/icon-100x100/public/Wicker%2C%20Stephen.jpg?itok=qO5UJrGp,,,,,"Electrical and Computer Engineering, CS Field Member",
Mark Wilde,Associate Professor,Univ Southern California,2008,Theory of Computing,Theory of Computation,Quantum computation,https://www.markwilde.com/,https://www.cs.cornell.edu/sites/default/files/styles/icon-100x100/public/mark-wilde.jpeg?itok=2v2lebor,,,,,,
David Williamson,Professor,MIT,1993,Theory of Computing,Theory of Computation,"Algorithms, combinatorial optimization, computer science",http://www.davidpwilliamson.net/work,https://www.cs.cornell.edu/sites/default/files/styles/icon-100x100/public/Williamson%2C%20David.jpg?itok=XL6Z9BMA,,,,,"Operations Research and Information Engineering, CS Field Member",
Qian Yang,Assistant Professor,Carnegie Mellon Univ,2020,"Artificial Intelligence, Scientific Computing","Artificial Intelligence, Scientific Computing and Applications",,https://qianyang.co/,https://www.cs.cornell.edu/sites/default/files/styles/icon-100x100/public/img_5328.jpg?itok=nX0rBTIm,,,,,"Information Science, CS Field Member",
Fengqi You,Roxanne E. and Michael J. Zak Professor in Energy Systems Engineering at Cornell University,Carnegie Mellon Univ,2009,Artificial Intelligence,Artificial Intelligence,"Fundamental theory and methods in systems engineering and artificial intelligence, as well as their applications to materials informatics, smart manufacturing, digital agriculture, quantum computing, energy systems, and sustainability",https://www.cheme.cornell.edu/faculty-directory/fengqi-you,https://www.cs.cornell.edu/sites/default/files/styles/icon-100x100/public/fengqi_you_0.jpg?itok=eXNfIWyl,,,,,"Chair of Ph.D. Studies in Cornell Systems Engineering, Co-director of the Cornell University AI for Science Institute, Associate Director of Cornell Energy Systems Institute, Co-lead of Schmidt AI in Science Program at Cornell, and Associate Director of C",
Christina Lee Yu,Assistant Professor,MIT,,Theory of Computing,Theory of Computation,"Theory of Computing, Artificial Intelligence (Machine Learning), Scientific Computing",https://people.orie.cornell.edu/cleeyu/,https://www.cs.cornell.edu/sites/default/files/styles/icon-100x100/public/christina.jpg?itok=oe-YuVlZ,,,,,"ORIE, CS Field Member",
Haiyuan Yu,Professor,Yale,2005,Computational Biology,Scientific Computing and Applications,"Biomedical systems biology, machine learning, algorithm development, with an emphasis on network analysis, to understand human disease and evolution of species",https://www.yulab.org,https://www.cs.cornell.edu/sites/default/files/styles/icon-100x100/public/yu.jpg?itok=AqQn4IXL,,,,,"Biological Statistics & Computational Biology, CS Field Member",
Ramin Zabih,Professor,Stanford Univ,1994,"Human Interaction, Vision","Artificial Intelligence, Theory of Computation","Computer vision and its applications, especially in medical imaging, with an emphasis on the use of combinatorial optimization algorithms",http://www.cs.cornell.edu/~rdz,https://www.cs.cornell.edu/sites/default/files/styles/icon-100x100/public/Zaibh%2C%20Ramin.jpg?itok=SAI9QIZ3,,,,,"Computer Science, Cornell Tech, CS Field Member",
Cheng Zhang,Assistant Professor,Georgia Institute Technology,2018,Artificial Intelligence,Systems,"Ubiquitous Computing, Wearable Computing, Human Computer Interaction",http://www.czhang.org/,https://www.cs.cornell.edu/sites/default/files/styles/icon-100x100/public/cheng_pic-224x300_0.jpeg?itok=DqUzddEI,,,,,"Information Science, CS Field Member",
Zhiru Zhang,Assistant Professor,Univ California LA,2007,Systems and Networking,Systems,"Computer-aided design methodologies, optimization algorithms, compilers, and computer architectures of gigascale integrated systems; esp. system-on-chips",http://www.csl.cornell.edu/~zhiruz/,https://www.cs.cornell.edu/sites/default/files/styles/icon-100x100/public/Zhang%2C%20Shiru.jpg?itok=NH-hY5hI,,,,,"Electrical and Computer Engineering, CS Field Member",
